{"cameraMode":{"drawMode":0,"name":"Shaded","section":"Shading Mode"},"sceneLighting":true,"audioPlay":false,"sceneViewState":{"showFog":true,"showMaterialUpdate":false,"showSkybox":false,"showFlares":true,"showImageEffects":true,"showParticleSystems":true},"in2DMode":false,"pivot":{"x":-1.4902749061584473,"y":0.6088337898254395,"z":1.9534168243408204},"rotation":{"x":-0.11564946919679642,"y":0.6168609857559204,"z":-0.09228470921516419,"w":-0.7730563282966614},"size":5.370852470397949,"orthographic":false}