{"cameraMode":{"drawMode":0,"name":"Shaded","section":"Shading Mode"},"sceneLighting":true,"audioPlay":false,"sceneViewState":{"showFog":true,"showMaterialUpdate":false,"showSkybox":false,"showFlares":true,"showImageEffects":true,"showParticleSystems":true},"in2DMode":false,"pivot":{"x":-2.300593137741089,"y":-0.22440409660339356,"z":1.4724292755126954},"rotation":{"x":-0.18714340031147004,"y":0.08680164813995362,"z":-0.01660742424428463,"w":-0.9783588647842407},"size":4.480473041534424,"orthographic":false}